"Season","TeamName","Tempo","RankTempo","AdjTempo","RankAdjTempo","OE","RankOE","AdjOE","RankAdjOE","DE","RankDE","AdjDE","RankAdjDE","AdjEM","RankAdjEM","seed"
2019,"Abilene Christian",66.5681,293,66.0723,254,107.102,87,103.756,186,96.7466,43,101.654,119,2.10207,145,"15"
2019,"Air Force",67.2794,269,66.4715,234,98.7687,274,100.558,250,105.682,242,107.397,238,-6.83837,241,""
2019,"Akron",68.4518,207,66.0782,252,99.4248,264,99.9094,257,94.0099,11,93.8246,21,6.08479,107,""
2019,"Alabama",69.8652,124,68.7086,115,102.478,185,108.188,101,102.222,155,96.7623,49,11.4254,60,""
2019,"Alabama A&M",67.56,253,65.5578,282,88.7657,347,86.6081,350,104.862,219,109.256,265,-22.648,344,""
2019,"Alabama St.",68.4214,210,67.1282,198,95.3075,322,94.7211,325,106.197,250,111.082,304,-16.3612,329,""
2019,"Albany",66.3119,301,65.8025,268,99.2601,267,98.2938,282,103.216,176,108.159,249,-9.86471,277,""
2019,"Alcorn St.",67.402,260,65.6778,277,89.3041,346,88.9071,348,108.22,288,113.548,332,-24.6414,349,""
2019,"American",67.6929,247,66.4813,233,104.592,141,101.908,223,100.136,105,105.041,186,-3.13245,198,""
2019,"Appalachian St.",73.1875,27,71.5042,27,104.692,138,106.041,141,110.231,315,109.644,273,-3.60281,205,""
2019,"Arizona",68.596,198,66.6339,224,102.398,188,105.051,157,99.8089,97,98.2265,70,6.8244,99,""
2019,"Arizona St.",72.1332,45,70.56,46,106.426,102,109.886,68,99.8027,96,98.6844,79,11.2014,61,"11"
2019,"Arkansas",71.8421,49,70.2666,55,103.964,152,109.646,71,100.348,111,97.3095,60,12.3363,57,""
2019,"Arkansas Pine Bluff",66.8726,283,65.1325,299,95.9426,317,96.1897,312,104.658,209,109.844,277,-13.6546,316,""
2019,"Arkansas St.",69.7385,131,68.2095,139,101.692,211,102.365,209,110.33,316,110.041,284,-7.67632,254,""
2019,"Army",71.4085,64,69.6626,76,98.5619,276,96.2368,311,102.098,153,103.092,149,-6.85548,242,""
2019,"Auburn",68.868,181,67.5646,170,113.394,14,119.283,8,99.3776,83,97.1706,56,22.112,15,"5"
2019,"Austin Peay",71.1601,73,68.9237,105,111.649,28,110.741,54,104.526,205,106.845,226,3.89555,135,""
2019,"Ball St.",71.5499,60,70.2177,58,102.058,202,102.409,208,98.9674,72,98.3372,74,4.07198,134,""
2019,"Baylor",66.6446,289,65.3193,291,107.248,83,113.646,28,100.481,114,98.3427,75,15.3036,41,"9"
2019,"Belmont",74.2457,13,71.1915,31,116.393,6,114.952,20,99.6691,91,101.886,126,13.0657,54,"11"
2019,"Bethune Cookman",73.5537,21,72.1395,19,97.205,302,93.4135,332,100.173,108,105.536,199,-12.123,306,""
2019,"Binghamton",66.6044,291,65.7858,270,94.7548,325,95.9724,314,108.943,296,112.72,323,-16.7478,332,""
2019,"Boise St.",66.4434,297,65.4139,284,106.535,98,107.187,117,102.633,164,103.96,162,3.22671,139,""
2019,"Boston College",68.4013,211,67.2369,191,101.935,206,107.642,110,104.878,221,102.338,135,5.30315,115,""
2019,"Boston University",67.6916,248,66.201,249,105.586,118,104.239,176,107.258,272,110.168,287,-5.92894,232,""
2019,"Bowling Green",72.5612,37,70.3978,53,106.585,97,108.302,99,101.955,149,102.138,132,6.16473,106,""
2019,"Bradley",65.8042,316,65.1302,300,100.293,247,101.015,246,98.6984,67,101.375,117,-0.359772,166,"15"
2019,"Brown",72.2504,44,70.8829,40,98.3779,283,98.9392,277,94.0595,12,97.0408,53,1.89832,146,""
2019,"Bryant",69.2075,158,67.5383,173,100.914,227,99.3974,267,111.068,327,115.012,343,-15.615,325,""
2019,"Bucknell",71.284,69,70.5569,47,106.827,91,105.568,150,102.435,159,103.69,154,1.87844,147,""
2019,"Buffalo",74.6814,10,73.8244,9,112.955,17,115.006,19,94.4045,13,94.6738,28,20.3325,22,"6"
2019,"Butler",67.1158,277,65.9999,260,106.389,104,110.952,49,104.518,204,101.046,111,9.90641,68,""
2019,"BYU",71.8626,47,70.7947,43,108.793,58,111.82,44,104.503,203,103.992,163,7.82759,87,""
2019,"Cal Baptist",69.1517,164,67.8733,150,107.286,82,106.809,123,106.257,252,109.313,266,-2.50378,192,""
2019,"Cal Poly",66.6682,288,66.0766,253,96.582,311,96.8904,300,111.776,334,114.665,341,-17.7749,333,""
2019,"Cal St. Bakersfield",67.3977,261,65.3604,286,102.349,189,102.595,206,106.371,257,107.745,243,-5.14935,225,""
2019,"Cal St. Fullerton",69.7806,129,69.7667,73,98.3673,284,99.0151,275,101.313,133,102.448,138,-3.43264,203,""
2019,"Cal St. Northridge",71.7076,55,70.4974,50,105.17,129,104.562,167,109.455,307,112.538,320,-7.97596,259,""
2019,"California",68.4466,208,66.4996,231,99.8203,254,103.034,197,112.272,337,110.255,288,-7.22036,244,""
2019,"Campbell",67.0433,281,65.3224,290,110.222,41,108.015,107,107.904,281,109.905,279,-1.8896,186,""
2019,"Canisius",68.4948,204,67.5986,167,101.709,210,101.587,231,107.196,268,111.458,309,-9.87167,279,""
2019,"Central Arkansas",71.535,61,70.4328,52,98.5266,279,99.8847,258,107.322,274,111.041,303,-11.1564,296,""
2019,"Central Connecticut",70.0428,118,69.0402,99,98.4009,282,97.0884,299,109.03,297,111.966,313,-14.8772,320,""
2019,"Central Michigan",72.5027,42,70.9059,38,108.764,60,110.375,59,103.718,185,105.496,198,4.87858,123,""
2019,"Charleston",66.0543,312,65.3312,289,111.151,34,108.459,94,102.893,168,103.398,151,5.06071,121,""
2019,"Charleston Southern",70.1603,113,69.2498,89,103.533,159,101.392,236,100.284,110,101.347,116,0.04493,158,""
2019,"Charlotte",65.7948,317,64.4379,322,93.0696,332,95.5107,317,104.552,206,106.679,224,-11.1688,297,""
2019,"Chattanooga",68.6775,187,66.0555,255,100.145,249,101.587,230,110.46,317,109.443,268,-7.85526,257,""
2019,"Chicago St.",71.1429,74,70.0455,63,84.3424,353,90.4137,340,120.205,353,118.308,351,-27.8942,351,""
2019,"Cincinnati",64.9263,336,63.3006,338,109.448,47,111.171,48,95.5738,26,95.0163,30,16.1545,35,"7"
2019,"Clemson",67.3797,264,66.0324,258,102.453,186,108.789,90,94.5467,15,90.8532,11,17.9355,29,""
2019,"Cleveland St.",71.2254,70,69.0007,101,102.446,187,101.625,228,111.485,331,111.692,310,-10.0678,284,""
2019,"Coastal Carolina",70.5584,91,69.3727,86,105.666,116,104.868,160,104.679,210,105.014,185,-0.145496,160,""
2019,"Colgate",67.5448,256,66.4179,236,110.64,37,110.152,63,102.764,166,105.866,202,4.28609,130,"15"
2019,"Colorado",69.4561,144,67.689,160,105.817,114,106.645,131,96.9594,44,96.2353,39,10.41,64,""
2019,"Colorado St.",68.9311,177,66.9875,205,107.005,89,107.545,114,109.141,298,108.77,258,-1.22471,179,""
2019,"Columbia",68.9431,176,67.5008,178,100.608,237,102.017,217,104.867,220,106.503,219,-4.48597,212,""
2019,"Connecticut",69.6362,136,68.5467,119,105.486,121,108.415,96,102.147,154,102.37,136,6.04432,108,""
2019,"Coppin St.",71.7753,52,70.1261,61,88.5826,348,88.6399,349,105.335,236,109.19,264,-20.5503,342,""
2019,"Cornell",68.6626,190,67.61,166,97.5679,297,99.2859,270,103.447,183,103.918,159,-4.63174,217,""
2019,"Creighton",70.1229,114,68.4388,125,109.173,52,113.378,30,104.363,200,99.9005,96,13.4778,50,""
2019,"Dartmouth",67.2682,270,65.7763,271,102.672,181,103.577,190,106.176,249,108.226,252,-4.64905,218,""
2019,"Davidson",65.6546,322,64.5598,320,106.049,108,107.647,109,98.9035,70,99.364,85,8.28343,83,""
2019,"Dayton",66.0408,313,64.4576,321,109.005,53,111.622,45,98.5904,66,100.185,101,11.4369,59,""
2019,"Delaware",63.9995,348,63.2003,340,107.129,86,104.847,161,111.702,332,112.914,325,-8.06665,260,""
2019,"Delaware St.",71.8233,50,69.6111,77,85.6056,352,84.3129,352,108.415,290,113.977,334,-29.664,352,""
2019,"Denver",68.7085,185,67.0555,202,99.5091,262,99.8415,261,112.136,336,112.965,326,-13.1231,312,""
2019,"DePaul",71.0071,83,69.4354,82,107.8,74,110.842,52,105.72,243,104.497,171,6.34487,103,""
2019,"Detroit",70.2222,107,68.4933,122,104.702,137,106.174,138,113.187,342,112.654,322,-6.47974,236,""
2019,"Drake",69.0386,171,69.0946,97,105.466,122,107.105,118,100.614,116,102.784,143,4.32071,127,""
2019,"Drexel",69.4754,143,69.0164,100,107.4,77,105.626,149,112.883,341,112.994,327,-7.36732,245,""
2019,"Duke",73.6764,19,72.2812,18,113.184,15,120.204,6,91.745,8,88.2449,6,31.9593,3,"1"
2019,"Duquesne",70.3179,101,69.7696,70,103.189,169,104.509,169,101.695,144,105.319,194,-0.809701,171,""
2019,"East Carolina",69.8407,126,67.9834,145,95.1346,323,98.0395,289,105.179,230,107.029,231,-8.98975,269,""
2019,"East Tennessee St.",69.4216,147,66.99,204,110.284,40,109.242,79,99.8828,101,99.4164,87,9.82573,69,""
2019,"Eastern Illinois",69.0941,169,66.8218,215,100.862,230,99.6346,262,110.653,322,111.876,312,-12.2411,307,""
2019,"Eastern Kentucky",78.8311,2,76.5111,2,99.2814,266,99.3705,269,105.125,227,105.935,204,-6.56417,237,""
2019,"Eastern Michigan",65.2301,330,62.7783,344,99.2064,268,103.466,191,105.169,229,102.723,142,0.742492,155,""
2019,"Eastern Washington",69.2646,154,67.6895,159,102.076,200,101.025,245,106.016,248,107.597,240,-6.57263,238,""
2019,"Elon",68.3643,216,67.8928,147,100.748,232,99.0197,274,111.821,335,111.132,305,-12.1123,305,""
2019,"Evansville",70.3548,100,69.4106,85,97.1567,303,99.4071,265,102.991,170,104.781,182,-5.37426,227,""
2019,"Fairfield",68.0355,231,67.746,155,98.021,290,95.8679,315,102.472,160,107.364,236,-11.4958,301,""
2019,"Fairleigh Dickinson",67.8895,237,66.8424,214,108.37,65,106.296,137,104.709,214,110.55,295,-4.25382,208,"16"
2019,"FIU",78.9862,1,77.4502,1,99.694,259,101.974,218,102.586,163,105.229,190,-3.25445,202,""
2019,"Florida",64.8004,339,62.7575,346,104.227,148,110.318,61,97.2175,48,91.9997,14,18.3178,28,"10"
2019,"Florida A&M",67.318,266,64.8227,314,90.9679,339,89.0589,347,99.0872,75,103.329,150,-14.2705,318,""
2019,"Florida Atlantic",69.7348,132,67.4762,181,98.5048,281,99.4513,264,97.6898,53,99.4673,88,-0.0160237,159,""
2019,"Florida Gulf Coast",70.4812,97,67.8928,148,99.8391,253,101.446,234,105.167,228,106.134,210,-4.68767,220,""
2019,"Florida St.",69.2552,155,68.3149,135,106.629,96,113.105,32,95.7851,33,90.5492,8,22.5555,14,"4"
2019,"Fordham",65.9796,314,65.0718,303,97.1477,304,96.6012,304,100.851,121,104.444,170,-7.84296,256,""
2019,"Fresno St.",69.3758,150,67.7956,153,109.207,50,108.342,98,97.409,51,98.6537,78,9.68874,71,""
2019,"Furman",68.1306,226,66.5287,229,109.722,43,108.951,87,96.2583,39,96.3217,42,12.6289,56,""
2019,"Gardner Webb",68.3164,218,67.1554,196,108.532,62,107.597,111,105.231,231,108.343,253,-0.74626,167,"16"
2019,"George Mason",68.1199,227,67.6396,163,102.147,194,104.509,168,101.047,126,103.839,158,0.670296,156,""
2019,"George Washington",67.3883,262,67.1197,199,92.9483,333,95.3426,319,104.815,217,106.012,207,-10.6692,290,""
2019,"Georgetown",73.3615,23,71.9696,23,105.97,112,109.356,76,104.385,201,101.849,124,7.50747,91,""
2019,"Georgia",70.4352,99,68.3371,133,100.447,244,105.916,146,105.281,232,101.784,123,4.13128,133,""
2019,"Georgia Southern",74.3208,12,73.1173,13,107.311,80,108.5,93,102.424,158,102.091,131,6.40814,102,""
2019,"Georgia St.",71.0629,79,69.7679,72,106.735,92,108.11,103,103.185,173,102.806,144,5.30459,114,"14"
2019,"Georgia Tech",68.1526,224,66.7161,222,95.4249,320,101.936,220,97.9001,56,95.9947,37,5.9415,109,""
2019,"Gonzaga",71.5883,58,69.8432,69,123.829,1,125.258,1,90.7597,6,92.3982,16,32.8597,2,"1"
2019,"Grambling St.",70.508,96,69.7121,74,96.9668,307,94.7544,324,97.1996,47,104.175,166,-9.42043,272,""
2019,"Grand Canyon",69.2184,157,67.6243,165,107.698,75,108.192,100,99.4849,86,101.966,130,6.22596,104,""
2019,"Green Bay",75.5254,7,73.5719,12,103.257,167,102.944,202,107.457,275,106.59,221,-3.64592,206,""
2019,"Hampton",71.7684,53,70.9137,37,108.872,57,107.584,112,107.257,271,110.147,286,-2.56357,193,""
2019,"Hartford",67.687,249,66.5938,227,108.501,63,108.43,95,106.426,259,110.672,298,-2.24228,189,""
2019,"Harvard",68.3218,217,67.4255,184,101.37,216,104.049,179,98.7178,69,99.2428,84,4.80577,124,""
2019,"Hawaii",67.2933,268,66.2708,243,105.129,131,103.596,189,102.088,150,106.626,223,-3.03054,196,""
2019,"High Point",64.74,340,63.6087,334,101.532,213,99.2527,271,103.159,172,104.773,180,-5.52055,228,""
2019,"Hofstra",67.7781,241,67.2893,189,119.18,2,116.383,17,105.003,223,108.91,259,7.47349,93,""
2019,"Holy Cross",65.0024,333,63.5023,335,102.115,196,101.082,243,105.734,244,107.877,245,-6.79496,240,""
2019,"Houston",67.6777,250,66.2386,245,112.648,21,114.646,22,90.4247,5,91.2253,13,23.4204,13,"3"
2019,"Houston Baptist",74.1106,15,73.8,10,104.047,151,102.973,201,109.443,306,112.573,321,-9.59988,276,""
2019,"Howard",73.3226,24,71.1363,32,103.772,153,101.934,221,106.569,262,114.318,337,-12.3839,308,""
2019,"Idaho",66.8595,284,65.2567,293,98.1591,288,94.9081,322,117.087,351,118.803,352,-23.8946,347,""
2019,"Idaho St.",68.6027,197,66.7836,216,104.515,144,101.941,219,116.472,349,118.227,350,-16.2865,328,""
2019,"Illinois",70.9508,84,70.4644,51,101.077,224,109.203,80,105.327,235,100.702,108,8.50048,82,""
2019,"Illinois Chicago",71.658,57,69.9454,65,102.177,192,100.475,252,103.392,180,103.698,155,-3.2224,200,""
2019,"Illinois St.",67.6448,251,66.6517,223,99.5841,261,101.165,240,103.086,171,104.672,174,-3.50736,204,""
2019,"Incarnate Word",66.5709,292,64.8721,310,96.389,312,97.5036,293,117.005,350,120.355,353,-22.8515,345,""
2019,"Indiana",68.2058,222,66.4982,232,103.065,173,110.231,62,98.4398,63,94.9474,29,15.2833,42,""
2019,"Indiana St.",69.1385,166,68.8429,106,98.5379,278,101.115,242,103.215,175,105.256,191,-4.14132,207,""
2019,"Iona",71.3027,67,70.5899,45,107.93,73,106.647,130,105.576,241,109.738,276,-3.09157,197,"16"
2019,"Iowa",70.2251,106,69.4254,84,110.452,38,117.289,15,104.226,195,101.336,115,15.9537,36,"10"
2019,"Iowa St.",68.6743,188,67.6737,161,112.927,18,119.122,9,99.678,92,97.2626,59,21.8596,16,"6"
2019,"IUPUI",70.46,98,68.5083,120,105.393,124,103.956,182,104.563,207,106.537,220,-2.58039,194,""
2019,"Jackson St.",67.2122,271,65.0188,305,91.3096,337,89.8877,343,98.2212,59,104.725,178,-14.8377,319,""
2019,"Jacksonville",72.5263,40,70.8909,39,98.7905,273,98.7836,278,104.027,189,106.395,215,-7.61162,250,""
2019,"Jacksonville St.",70.5347,94,67.5687,169,105.98,111,104.997,158,96.0309,36,99.548,90,5.44921,112,""
2019,"James Madison",65.4783,325,65.1243,301,103.612,156,101.015,247,110.602,321,110.882,300,-9.86718,278,""
2019,"Kansas",70.6439,89,69.9998,64,105.568,119,112.885,33,98.4952,65,92.1354,15,20.7494,19,"4"
2019,"Kansas St.",64.9201,337,63.1135,342,101.553,212,108.077,104,91.5612,7,87.8459,4,20.2312,23,"4"
2019,"Kennesaw St.",70.5423,93,68.1688,141,88.0685,349,91.7907,339,109.371,304,110.952,301,-19.1609,339,""
2019,"Kent St.",69.1491,165,67.3553,187,107.318,79,109.698,70,105.984,247,106.875,227,2.8229,142,""
2019,"Kentucky",67.8907,236,65.9094,264,112.784,19,118.358,13,95.68,30,90.8807,12,27.477,8,"2"
2019,"La Salle",69.4782,142,68.8214,109,97.4604,299,99.9355,256,104.036,190,105.1,188,-5.16485,226,""
2019,"Lafayette",70.0396,119,68.8134,110,102.542,183,101.494,233,111.037,326,112.767,324,-11.2727,299,""
2019,"Lamar",69.9253,122,68.202,140,105.505,120,103.203,195,103.426,181,107.736,242,-4.53294,216,""
2019,"Lehigh",72.517,41,71.4789,29,109.494,46,108.741,91,106.57,263,109.534,269,-0.793777,169,""
2019,"Liberty",64.9577,335,61.8485,349,111.547,29,110.669,55,95.7813,32,99.8723,95,10.7968,63,"12"
2019,"Lipscomb",74.375,11,72.9291,14,110.318,39,110.123,64,94.5515,16,96.8914,51,13.2317,53,""
2019,"Little Rock",72.7231,33,70.3574,54,100.618,236,99.8495,260,104.28,198,104.776,181,-4.92598,222,""
2019,"LIU Brooklyn",71.8664,46,70.7748,44,101.101,223,98.2145,285,101.229,131,106.402,216,-8.18721,262,""
2019,"Long Beach St.",72.5939,35,71.4724,30,99.9364,251,101.15,241,105.367,237,106.142,211,-4.9923,223,""
2019,"Longwood",68.2168,221,67.0043,203,99.6535,260,96.4147,307,103.25,177,106.611,222,-10.1963,286,""
2019,"Louisiana",74.0732,16,72.0226,20,106.713,93,106.62,134,107.537,277,107.787,244,-1.16701,177,""
2019,"Louisiana Monroe",69.1551,163,66.3427,238,111.689,27,112.45,39,107.53,276,109.343,267,3.10696,140,""
2019,"Louisiana Tech",67.5491,254,65.348,288,104.058,150,104.823,162,99.3932,84,101.866,125,2.95692,141,""
2019,"Louisville",68.4904,205,67.195,194,107.243,84,113.503,29,97.6744,52,92.4983,17,21.0045,17,"7"
2019,"Loyola Chicago",63.4473,350,62.3874,348,103.202,168,104.304,174,96.4511,40,100.156,100,4.1479,132,""
2019,"Loyola Marymount",64.5487,341,62.7708,345,102.267,190,103.697,187,99.5394,88,100.266,104,3.43185,138,""
2019,"Loyola MD",70.274,104,68.4485,124,103.034,176,101.567,232,109.302,301,110.29,290,-8.72289,266,""
2019,"LSU",70.5931,90,69.9424,66,112.474,22,118.62,10,100.645,118,97.6208,62,20.9994,18,"3"
2019,"Maine",64.4081,343,63.9738,330,92.3273,336,93.185,333,109.279,300,111.836,311,-18.6505,337,""
2019,"Manhattan",62.6611,351,61.7488,351,91.2716,338,89.4701,346,99.8127,98,104.696,175,-15.2261,323,""
2019,"Marist",65.486,324,64.4171,323,101.978,204,100.142,255,104.734,215,109.654,274,-9.51165,274,""
2019,"Marquette",70.6568,88,68.6533,116,108.714,61,114.27,24,96.7389,42,95.8589,35,18.4109,27,"5"
2019,"Marshall",75.7489,5,73.949,7,104.681,139,108.048,105,106.621,264,108.204,251,-0.155229,162,""
2019,"Maryland",66.2805,303,65.6956,275,107.334,78,113.946,27,98.4651,64,93.966,22,19.9801,24,"6"
2019,"Maryland Eastern Shore",65.3157,329,62.9984,343,85.88,351,85.2079,351,111.178,328,114.908,342,-29.7002,353,""
2019,"Massachusetts",68.3845,215,67.2282,193,102.523,184,102.912,203,107.098,267,109.066,263,-6.15448,235,""
2019,"McNeese St.",67.4389,258,66.2284,247,99.7853,256,98.1238,287,112.303,338,114.664,340,-16.5407,331,""
2019,"Memphis",75.4158,8,74.1181,6,105.957,113,109.145,83,98.3878,62,98.2269,71,10.918,62,""
2019,"Mercer",68.6415,194,66.7299,221,103.044,175,103.674,188,106.649,266,106.272,214,-2.59743,195,""
2019,"Miami FL",68.5261,202,66.9253,208,104.102,149,110.079,66,103.562,184,100.399,105,9.67941,72,""
2019,"Miami OH",67.9909,233,66.2374,246,102.082,198,104.806,163,104.286,199,103.039,148,1.76757,150,""
2019,"Michigan",65.4197,327,64.652,318,108.236,69,115.716,18,89.2552,3,86.0482,1,29.6683,5,"2"
2019,"Michigan St.",68.6506,193,67.6316,164,114.457,9,121.681,4,94.8722,22,90.5738,9,31.1072,4,"2"
2019,"Middle Tennessee",69.1329,167,67.5593,172,93.9549,328,98.231,284,104.688,212,105.442,197,-7.21082,243,""
2019,"Milwaukee",68.7403,184,65.9686,261,99.2003,269,98.2622,283,108.492,291,109.636,272,-11.3743,300,""
2019,"Minnesota",67.9778,234,67.5056,177,103.298,166,110.803,53,101.467,138,96.3335,43,14.4692,47,"10"
2019,"Mississippi",69.2037,159,68.4026,129,108.408,64,112.857,34,101.248,132,97.8407,65,15.0161,45,"8"
2019,"Mississippi St.",68.5278,201,67.4913,179,111.932,26,117.496,14,101.401,135,96.8328,50,20.6633,21,"5"
2019,"Mississippi Valley St.",70.232,105,69.1234,95,89.5806,344,89.5406,345,111.365,330,114.63,339,-25.0895,350,""
2019,"Missouri",66.0748,311,64.7029,317,101.012,225,106.815,122,101.807,147,97.0623,54,9.75309,70,""
2019,"Missouri St.",66.2845,302,65.3508,287,101.985,203,102.999,199,101.675,142,103.925,160,-0.926279,173,""
2019,"Monmouth",68.5123,203,67.3645,186,94.0202,327,93.1286,334,102.095,152,104.014,164,-10.8856,293,""
2019,"Montana",68.3879,213,66.6216,225,111.502,31,107.472,115,100.898,124,103.933,161,3.53882,137,"15"
2019,"Montana St.",71.4516,63,69.9073,67,109.377,49,107.56,113,112.404,339,115.199,344,-7.6393,252,""
2019,"Morehead St.",70.3078,102,67.0819,200,101.344,217,102.321,211,109.568,308,110.041,283,-7.72013,255,""
2019,"Morgan St.",73.5701,20,71.9875,22,96.1237,316,92.5883,337,103.204,174,110.633,296,-18.0449,334,""
2019,"Mount St. Mary's",69.4306,146,67.0711,201,96.2617,313,94.7179,326,108.143,286,109.957,281,-15.2388,324,""
2019,"Murray St.",71.1289,76,69.0814,98,114.766,8,112.132,41,96.0872,38,98.847,81,13.2854,52,"12"
2019,"Navy",68.2444,219,66.8533,212,97.5394,298,97.2234,297,106.216,251,107.125,232,-9.90147,281,""
2019,"Nebraska",67.3602,265,66.3317,239,105.111,132,112.697,38,99.9638,103,97.1768,57,15.5202,39,""
2019,"Nebraska Omaha",69.8375,127,67.7939,154,111.425,32,110.024,67,109.657,309,110.381,292,-0.356739,165,""
2019,"Nevada",70.9379,87,69.283,88,113.948,11,114.125,26,94.465,14,95.1961,34,18.9289,25,"7"
2019,"New Hampshire",66.1199,309,65.5487,283,85.9494,350,84.2856,353,104.83,218,107.339,235,-23.0534,346,""
2019,"New Mexico",74.1371,14,72.7249,15,101.962,205,104.028,180,104.783,216,105.623,200,-1.59502,183,""
2019,"New Mexico St.",67.9012,235,65.6538,278,113.701,13,112.733,37,95.2348,24,99.1319,83,13.6009,49,"12"
2019,"New Orleans",68.8753,179,68.2471,137,98.3291,286,97.0972,298,101.617,141,104.766,179,-7.66904,253,""
2019,"Niagara",70.1696,111,69.5652,80,103.188,170,101.703,225,108.36,289,115.26,345,-13.557,314,""
2019,"Nicholls St.",69.9405,121,68.4178,128,100.67,233,98.7697,279,107.589,278,111.409,307,-12.6388,310,""
2019,"NJIT",68.8637,182,66.514,230,100.891,228,101.241,238,99.3163,82,102.518,139,-1.27682,180,""
2019,"Norfolk St.",70.9469,85,69.1757,92,100.336,246,97.6457,292,98.7073,68,106.044,208,-8.39809,264,""
2019,"North Alabama",70.5473,92,68.3699,131,92.5393,334,95.0784,321,105.454,239,105.26,192,-10.1815,285,""
2019,"North Carolina",76.1162,4,74.3542,5,112.438,23,120.026,7,95.8954,34,90.8372,10,29.1883,6,"1"
2019,"North Carolina A&T",67.5464,255,65.6116,279,99.9973,250,96.4599,306,101.87,148,108.042,246,-11.5821,302,""
2019,"North Carolina Central",67.1363,276,65.2686,292,100.502,242,96.7551,301,100.749,120,108.661,256,-11.9057,303,"16"
2019,"North Carolina St.",71.7379,54,70.8339,41,109.44,48,112.833,35,97.2631,49,96.1733,38,16.6598,32,""
2019,"North Dakota",71.0817,78,69.6056,78,99.3412,265,97.444,295,106.482,261,106.219,213,-8.77447,268,""
2019,"North Dakota St.",66.4861,295,64.8533,312,108.198,70,106.675,128,110.054,314,109.873,278,-3.19748,199,"16"
2019,"North Florida",73.2924,25,71.8526,25,100.495,243,103.847,185,104.234,196,104.841,183,-0.994179,174,""
2019,"North Texas",67.3857,263,65.219,294,99.7632,257,99.6096,263,94.7116,19,99.0909,82,0.518635,157,""
2019,"Northeastern",66.215,305,66.0919,251,112.969,16,111.619,46,104.428,202,102.864,146,8.75462,78,"13"
2019,"Northern Arizona",70.0135,120,68.4259,126,103.349,164,100.514,251,109.796,312,112.435,319,-11.9213,304,""
2019,"Northern Colorado",68.3873,214,66.3914,237,106.519,99,102.287,212,101.677,143,104.722,177,-2.43417,191,""
2019,"Northern Illinois",67.5935,252,65.8369,267,107.166,85,108.93,88,105.114,225,105.071,187,3.85925,136,""
2019,"Northern Iowa",65.1082,332,64.3083,326,98.1374,289,101.233,239,101.107,129,102.385,137,-1.15241,176,""
2019,"Northern Kentucky",69.2867,153,67.9846,144,111.424,33,109.341,77,100.467,112,102.823,145,6.51829,100,"14"
2019,"Northwestern",66.8418,286,65.8947,265,97.6372,296,103.032,198,96.6122,41,93.4766,19,9.55582,74,""
2019,"Northwestern St.",69.642,135,68.5005,121,90.7079,340,90.0257,341,106.357,256,109.727,275,-19.7016,340,""
2019,"Notre Dame",66.4273,298,65.1386,298,103.058,174,108.344,97,104.097,192,100.761,109,7.58373,90,""
2019,"Oakland",69.8592,125,68.5654,117,109.181,51,107.403,116,110.467,319,109.543,270,-2.1402,188,""
2019,"Ohio",71.1419,75,69.1647,93,95.8874,318,98.7126,280,103.253,178,100.251,103,-1.53811,182,""
2019,"Ohio St.",66.8768,282,65.7436,272,103.341,165,109.375,75,98.9532,71,94.3414,27,15.0331,44,"11"
2019,"Oklahoma",69.7223,133,68.7492,112,101.398,215,109.532,73,98.1919,58,93.9849,23,15.5475,38,"9"
2019,"Oklahoma St.",67.2085,273,65.944,262,100.649,235,109.02,85,106.626,265,101.381,118,7.63986,89,""
2019,"Old Dominion",65.4732,326,64.3576,325,101.139,221,102.052,216,93.0411,10,96.4764,46,5.57545,111,"14"
2019,"Oral Roberts",68.4891,206,66.7725,218,103.561,158,103.425,193,114.231,344,114.151,335,-10.7253,291,""
2019,"Oregon",65.9065,315,64.1339,328,106.247,107,107.832,108,94.5948,18,92.668,18,15.1644,43,"12"
2019,"Oregon St.",67.2097,272,65.5972,281,108.251,68,111.277,47,103.307,179,103.399,152,7.87777,86,""
2019,"Pacific",66.1665,307,64.9903,306,98.1742,287,99.8831,259,105.491,240,104.358,168,-4.47462,211,""
2019,"Penn",68.6338,196,66.7822,217,101.839,209,104.253,175,97.9255,57,99.9635,97,4.28975,129,""
2019,"Penn St.",68.1053,228,67.5876,168,101.207,220,109.605,72,99.5145,87,94.1892,26,15.4155,40,""
2019,"Pepperdine",70.5221,95,70.2199,57,105.643,117,106.77,124,105.115,226,105.341,196,1.42924,153,""
2019,"Pittsburgh",68.5808,200,66.919,209,100.877,229,105.244,154,99.7599,94,98.154,68,7.08993,97,""
2019,"Portland",67.8093,239,66.7407,220,92.3316,335,94.3744,329,108.894,295,109.993,282,-15.6191,326,""
2019,"Portland St.",70.2043,110,68.9652,103,104.365,146,101.613,229,108.594,293,111.989,314,-10.3761,287,""
2019,"Prairie View A&M",72.5879,36,71.0282,34,103.12,171,101.655,227,99.7542,93,105.959,205,-4.3033,209,"16"
2019,"Presbyterian",68.5871,199,67.6966,158,111.532,30,109.186,82,107.987,282,111.141,306,-1.9555,187,""
2019,"Princeton",69.5231,141,67.5206,176,96.9226,308,98.9423,276,100.136,106,99.9657,98,-1.02348,175,""
2019,"Providence",68.6564,191,67.742,156,102.065,201,105.072,156,99.2356,80,95.1255,31,9.94696,67,""
2019,"Purdue",66.3591,300,65.6852,276,113.828,12,121.212,5,99.7844,95,95.1747,32,26.0368,10,"3"
2019,"Purdue Fort Wayne",73.0127,28,71.5628,26,108.783,59,106.633,133,108.627,294,108.917,260,-2.28366,190,""
2019,"Quinnipiac",67.4325,259,66.7534,219,106.651,95,104.477,170,104.235,197,110.458,294,-5.98115,233,""
2019,"Radford",65.7548,319,64.3989,324,108.892,55,108.794,89,104.092,191,104.35,167,4.44363,125,""
2019,"Rhode Island",68.0778,229,67.4715,182,100.598,238,103.906,183,98.9844,73,101.219,113,2.68626,143,""
2019,"Rice",71.5082,62,70.0641,62,101.121,222,102.975,200,107.321,273,110.436,293,-7.46114,247,""
2019,"Richmond",66.5057,294,65.8734,266,105.432,123,106.881,121,106.374,258,110.117,285,-3.23586,201,""
2019,"Rider",73.9886,17,73.8396,8,103.44,161,101.373,237,101.513,140,105.888,203,-4.51423,215,""
2019,"Robert Morris",67.7099,245,66.0161,259,97.6634,295,94.8877,323,100.147,107,103.653,153,-8.76571,267,""
2019,"Rutgers",68.0045,232,67.5642,171,98.9375,272,105.635,148,100.468,113,96.3336,44,9.30177,77,""
2019,"Sacramento St.",69.1779,161,68.0208,143,99.7922,255,96.3021,310,102.51,161,105.851,201,-9.54875,275,""
2019,"Sacred Heart",73.4841,22,71.8917,24,106.856,90,104.149,177,106.29,253,110.86,299,-6.71136,239,""
2019,"Saint Joseph's",68.6398,195,68.4575,123,102.101,197,105.285,152,105.367,238,107.012,230,-1.72631,184,""
2019,"Saint Louis",67.1129,278,66.2813,241,100.583,239,102.762,205,95.5929,28,96.5508,48,6.21093,105,"13"
2019,"Saint Mary's",64.5057,342,62.7127,347,112.69,20,114.806,21,99.1877,77,97.0644,55,17.7412,31,"11"
2019,"Saint Peter's",64.2494,345,63.1308,341,96.2416,314,94.4771,328,104.584,208,108.132,248,-13.6552,317,""
2019,"Sam Houston St.",67.7453,242,66.0555,256,106.669,94,106.007,144,102.276,156,106.876,228,-0.869301,172,""
2019,"Samford",71.2865,68,69.0957,96,107.286,81,106.678,127,103.782,187,104.437,169,2.24158,144,""
2019,"San Diego",67.81,238,66.8715,210,103.726,154,106.079,139,99.4034,85,98.1742,69,7.90505,85,""
2019,"San Diego St.",68.6508,192,66.5755,228,102.92,177,103.852,184,99.6311,89,98.8084,80,5.04342,122,""
2019,"San Francisco",67.7784,240,66.4558,235,111.044,35,111.871,43,99.8587,100,101.89,128,9.98116,66,""
2019,"San Jose St.",71.2083,71,69.2045,91,90.5728,341,91.8564,338,114.426,345,113.703,333,-21.8462,343,""
2019,"Santa Clara",67.1386,275,66.2174,248,99.8716,252,101.915,222,103.757,186,103.752,156,-1.83636,185,""
2019,"Savannah St.",77.5839,3,74.8143,3,96.864,309,96.3102,309,110.906,325,116.081,347,-19.7704,341,""
2019,"Seattle",69.0062,173,67.2344,192,102.791,178,100.858,248,99.2641,81,102.272,133,-1.41345,181,""
2019,"Seton Hall",70.1052,116,68.9881,102,104.576,143,109.419,74,100.893,123,96.5216,47,12.897,55,"10"
2019,"Siena",61.3418,352,60.5362,352,103.08,172,100.636,249,105.309,234,109.04,262,-8.40413,265,""
2019,"SIU Edwardsville",71.3873,65,69.5881,79,98.001,291,96.6258,302,111.308,329,113.112,328,-16.4865,330,""
2019,"SMU",66.207,306,64.9297,308,108.877,56,112.094,42,106.479,260,106.942,229,5.15179,118,""
2019,"South Alabama",68.443,209,66.2731,242,103.422,162,103.076,196,105.759,245,107.589,239,-4.51251,214,""
2019,"South Carolina",71.1015,77,70.1372,60,100.841,231,108.038,106,102.825,167,98.3625,76,9.67596,73,""
2019,"South Carolina St.",68.8836,178,66.8609,211,98.3457,285,97.9782,290,110.799,324,116.815,348,-18.837,338,""
2019,"South Dakota",68.2428,220,66.8453,213,101.842,208,100.463,253,105.012,224,106.165,212,-5.70227,229,""
2019,"South Dakota St.",72.9774,29,70.9352,36,116.166,7,112.185,40,100.859,122,105.101,189,7.08411,98,""
2019,"South Florida",69.1933,160,67.1392,197,101.528,214,102.439,207,95.8982,35,97.3611,61,5.07787,120,""
2019,"Southeast Missouri St.",70.0899,117,67.5331,174,98.556,277,97.4716,294,108.545,292,109.95,280,-12.478,309,""
2019,"Southeastern Louisiana",67.0569,280,65.1616,295,99.4806,263,99.3761,268,101.065,127,105.264,193,-5.88748,231,""
2019,"Southern",68.058,230,65.6097,280,94.6199,326,93.8379,331,107.99,283,112.246,315,-18.4083,335,""
2019,"Southern Illinois",66.7191,287,65.706,273,102.566,182,104.311,173,100.525,115,102.614,140,1.69709,151,""
2019,"Southern Miss",66.2351,304,64.7381,316,104.77,136,106.637,132,98.2295,60,100.225,102,6.41249,101,""
2019,"Southern Utah",72.5544,38,70.9797,35,100.199,248,96.5791,305,104.176,194,106.484,217,-9.90455,282,""
2019,"St. Bonaventure",65.1974,331,64.0103,329,100.529,240,102.213,213,95.1262,23,96.9808,52,5.23178,117,""
2019,"St. Francis NY",69.5425,139,68.34,132,98.9589,270,95.8416,316,101.151,130,105.34,195,-9.49861,273,""
2019,"St. Francis PA",70.2167,109,68.0578,142,106.496,100,105.254,153,109.309,302,113.376,330,-8.12202,261,""
2019,"St. John's",72.3507,43,70.5516,48,105.988,110,109.782,69,102.514,162,101.044,110,8.73784,79,"11"
2019,"Stanford",71.7983,51,69.8553,68,100.516,241,103.388,194,99.8481,99,98.2791,72,5.10938,119,""
2019,"Stephen F. Austin",69.2429,156,68.7379,114,97.8821,292,95.4345,318,105.306,233,108.171,250,-12.7361,311,""
2019,"Stetson",71.0291,82,68.7835,111,95.3732,321,97.6725,291,110.778,323,113.502,331,-15.8296,327,""
2019,"Stony Brook",69.1743,162,68.9649,104,101.244,219,99.2484,272,94.717,20,100.002,99,-0.753831,168,""
2019,"Syracuse",67.2957,267,66.1282,250,103.506,160,110.328,60,97.0521,45,94.027,24,16.3006,34,"8"
2019,"TCU",69.4313,145,68.8364,107,104.833,135,110.488,57,99.9611,102,96.3013,41,14.1865,48,""
2019,"Temple",70.1158,115,68.8256,108,105.306,126,108.991,86,100.186,109,99.563,91,9.42783,76,"11"
2019,"Tennessee",69.4128,148,67.7089,157,117.025,5,123.521,3,98.2466,61,95.1912,33,28.33,7,"2"
2019,"Tennessee Martin",70.3047,103,68.3765,130,105.213,128,104.664,166,114.227,343,115.29,346,-10.6266,289,""
2019,"Tennessee St.",72.5537,39,69.3568,87,97.1236,305,98.5184,281,108.086,285,109.595,271,-11.0761,295,""
2019,"Tennessee Tech",71.8573,48,68.214,138,89.9368,343,89.5428,344,106.3,254,104.721,176,-15.1779,322,""
2019,"Texas",66.1397,308,64.296,327,106.318,106,114.195,25,100.614,117,96.2893,40,17.9058,30,""
2019,"Texas A&M",69.3906,149,67.3408,188,101.274,218,107.015,120,103.445,182,99.5253,89,7.49024,92,""
2019,"Texas A&M Corpus Chris",66.3737,299,64.8174,315,95.7797,319,94.615,327,100.923,125,104.511,172,-9.89627,280,""
2019,"Texas Southern",75.602,6,74.5656,4,104.633,140,104.097,178,102.711,165,108.598,255,-4.50115,213,""
2019,"Texas St.",67.741,243,65.0955,302,103.384,163,102.129,214,96.0774,37,97.7659,64,4.36263,126,""
2019,"Texas Tech",67.7066,246,66.6081,226,108.08,71,112.826,36,87.1746,1,86.0594,2,26.7664,9,"3"
2019,"The Citadel",74.7237,9,73.5807,11,105.28,127,106.697,126,115.819,348,114.283,336,-7.58535,249,""
2019,"Toledo",69.5307,140,67.529,175,109.531,45,110.121,65,97.3156,50,98.1335,67,11.9879,58,""
2019,"Towson",64.0425,347,63.4307,336,102.15,193,100.173,254,109.923,313,110.655,297,-10.4821,288,""
2019,"Troy",69.3112,152,66.9376,207,102.081,199,102.874,204,109.385,305,110.288,289,-7.41395,246,""
2019,"Tulane",71.6597,56,69.672,75,93.5119,331,96.6042,303,108.182,287,107.371,237,-10.7668,292,""
2019,"Tulsa",69.6707,134,68.7401,113,102.125,195,104.782,164,101.082,128,100.537,106,4.24435,131,""
2019,"UAB",66.4523,296,64.9756,307,104.59,142,106.461,136,101.437,137,104.656,173,1.80543,149,""
2019,"UC Davis",66.6279,290,65.7869,269,95.0866,324,96.3263,308,102.092,151,103.806,157,-7.47945,248,""
2019,"UC Irvine",66.0757,310,65.1511,296,108.285,67,106.73,125,94.5646,17,97.2616,58,9.46882,75,"13"
2019,"UC Riverside",64.1218,346,63.2093,339,97.8374,293,98.1939,286,110.487,320,113.142,329,-14.9477,321,""
2019,"UC Santa Barbara",65.626,323,64.6062,319,108.356,66,105.167,155,102.417,157,105.964,206,-0.797084,170,""
2019,"UCF",67.106,279,64.8462,313,107.069,88,110.45,58,95.5875,27,95.8589,36,14.5908,46,"9"
2019,"UCLA",73.7375,18,72.4306,17,105.146,130,108.526,92,104.683,211,102.683,141,5.84276,110,""
2019,"UMass Lowell",70.9409,86,69.7681,71,105.347,125,104.416,172,107.213,269,112.272,316,-7.85618,258,""
2019,"UMBC",64.9991,334,64.8927,309,97.2505,301,96.0249,313,97.1363,46,101.78,122,-5.75494,230,""
2019,"UMKC",68.1949,223,66.2425,244,99.7333,258,101.035,244,107.247,270,107.165,233,-6.12982,234,""
2019,"UNC Asheville",63.8821,349,61.8383,350,90.5602,342,92.8607,336,117.118,352,116.993,349,-24.1326,348,""
2019,"UNC Greensboro",69.0343,172,67.4805,180,106.462,101,106.664,129,99.2119,79,98.0639,66,8.60002,81,""
2019,"UNC Wilmington",69.7604,130,69.2046,90,106.329,105,105.397,151,115.072,347,114.439,338,-9.04259,270,""
2019,"UNLV",68.9461,175,67.4201,185,105.809,115,105.96,145,104,188,106.115,209,-0.15519,161,""
2019,"USC",71.0415,80,69.4752,81,106.015,109,109.334,78,101.387,134,101.694,120,7.64056,88,""
2019,"USC Upstate",69.5829,138,67.9763,146,93.9223,329,92.9065,335,109.708,311,111.455,308,-18.5483,336,""
2019,"UT Arlington",68.3936,212,66.0335,257,98.6775,275,101.672,226,100.088,104,99.8287,94,1.84339,148,""
2019,"UT Rio Grande Valley",71.0403,81,70.1684,59,97.451,300,99.406,266,97.7092,54,99.7318,93,-0.325794,164,""
2019,"Utah",67.7377,244,66.2949,240,110.648,36,114.325,23,109.66,310,108.937,261,5.38811,113,""
2019,"Utah St.",69.8786,123,67.8638,151,112.264,25,113.115,31,95.2464,25,96.4583,45,16.6564,33,"8"
2019,"Utah Valley",69.8113,128,68.419,127,109.625,44,109.133,84,101.51,139,101.946,129,7.18641,96,""
2019,"UTEP",69.5861,137,67.8851,149,89.4407,345,89.967,342,99.0047,74,101.189,112,-11.2224,298,""
2019,"UTSA",72.9401,30,72.0201,21,102.72,180,105.829,147,101.768,146,104.172,165,1.65687,152,""
2019,"Valparaiso",65.3614,328,65.148,297,96.7982,310,98.0434,288,100.646,119,102.959,147,-4.91516,221,""
2019,"Vanderbilt",68.8741,180,67.1671,195,97.7143,294,102.112,215,104.944,222,101.292,114,0.819325,154,""
2019,"VCU",68.9655,174,68.2479,136,102.78,179,104.427,171,88.5061,2,88.741,7,15.6858,37,"8"
2019,"Vermont",65.7063,320,65.3836,285,109.909,42,108.137,102,94.7423,21,99.4159,86,8.72155,80,"13"
2019,"Villanova",65.668,321,63.675,332,112.402,24,117.095,16,101.437,136,98.3195,73,18.7752,26,"6"
2019,"Virginia",61.0806,353,59.3365,353,117.113,4,123.693,2,90.0009,4,88.0404,5,35.6526,1,"1"
2019,"Virginia Tech",64.36,344,63.3196,337,114.004,10,118.551,11,95.6855,31,94.0834,25,24.4675,11,"4"
2019,"VMI",72.9377,31,71.4919,28,100.407,245,102.349,210,114.951,346,112.388,318,-10.0391,283,""
2019,"Wagner",65.7891,318,63.7052,331,96.1265,315,93.8852,330,104.154,193,107.328,234,-13.4424,313,""
2019,"Wake Forest",68.7063,186,67.466,183,98.5142,280,104.729,165,109.154,299,104.927,184,-0.197863,163,""
2019,"Washington",67.1691,274,65.9283,263,103.564,157,107.084,119,95.6117,29,93.7514,20,13.3325,51,"9"
2019,"Washington St.",71.5617,59,70.5265,49,104.393,145,106.015,142,110.464,318,110.332,291,-4.31621,210,""
2019,"Weber St.",72.7932,32,71.036,33,104.86,134,101.44,235,102.986,169,106.493,218,-5.05333,224,""
2019,"West Virginia",71.3797,66,70.248,56,100.946,226,109.192,81,106.307,255,101.889,127,7.30326,95,""
2019,"Western Carolina",71.2033,72,69.4279,83,98.9484,271,101.765,224,112.528,340,110.981,302,-9.21526,271,""
2019,"Western Illinois",69.0676,170,67.2475,190,100.651,234,97.4303,296,107.749,280,108.402,254,-10.9717,294,""
2019,"Western Kentucky",68.7761,183,67.66,162,102.256,191,104.979,159,99.1513,76,99.7084,92,5.27079,116,""
2019,"Western Michigan",70.2181,108,69.1301,94,97.0813,306,99.1136,273,108.039,284,106.75,225,-7.63653,251,""
2019,"Wichita St.",69.1145,168,67.8435,152,101.897,207,106.012,143,99.6441,90,98.5762,77,7.43586,94,""
2019,"William & Mary",68.6632,189,68.5527,118,105.026,133,103.432,192,109.36,303,108.085,247,-4.65241,219,""
2019,"Winthrop",73.2903,26,72.6379,16,107.52,76,106.521,135,105.823,246,107.727,241,-1.20634,178,""
2019,"Wisconsin",64.8745,338,63.661,333,104.289,147,110.931,50,92.8886,9,87.2639,3,23.6667,12,"5"
2019,"Wofford",68.1431,225,65.7033,274,117.982,3,118.483,12,97.8958,55,97.7629,63,20.7206,20,"7"
2019,"Wright St.",67.4433,257,65.0445,304,108.035,72,106.049,140,101.739,145,101.737,121,4.31217,128,""
2019,"Wyoming",70.1677,112,68.3346,134,93.6065,330,95.0829,320,107.676,279,108.732,257,-13.6495,315,""
2019,"Xavier",66.8492,285,64.8689,311,106.412,103,110.919,51,104.695,213,100.556,107,10.3632,65,""
2019,"Yale",72.6803,34,70.811,42,108.955,54,110.552,56,99.2049,78,102.279,134,8.27244,84,"14"
2019,"Youngstown St.",69.3375,151,66.9679,206,103.621,155,104.004,181,111.72,333,112.322,317,-8.31829,263,""
